"submission_id","LoadT_main","LoadT_submit","age","assess","assignmentId","author","browser","chain","comments","deadend","description","education","endTime","enjoyment","experiment_id","familiar","gender","generation","guilty","languages","os","reproduction","startDate","startTime","story_text","story_title","timeSpent","trial_number","trial_type"
30,1166,1108,32,"Yes","37C0GNLMHGBVG5VFO1GJRDRMU9GD6E","ЕК","Chrome","uFZu73QNefl1q8h9","none","false","IteratedNarration_Pilot07",3,1531491576242,2,"IteratedNarration_Pilot07","No","Male",1,79,"English","Linux","Last december a couple in Iowa had their bee-keeping operation destroyed with damages upwards of $60,000.  There are two boys suspected of commiting the crime and they would face juvenile detention and fines but the police are asking people to wait for the conclusion of the investigation before assuming these boys guilt.","Fri Jul 13 2018 06:14:08 GMT-0800 (Alaska Daylight Time)",1531491248690,"In late December 2017, a couple in Iowa was checking on their 50 beehives when they discovered a tragic incident. The hives had been overturned and hacked apart and the equipment had been thrown out of the shed and smashed. This destruction caused the death of about half a million bees and approximately $60,000 in property damage. Nearly three weeks later, two boys (12 and 13 years old) who are allegedly responsible for the damage were arrested. The charges against them include criminal mischief, offenses to an agricultural animal facility, and burglary. Since they are still minors, they will be charged in juvenile court where they face up to 10 years in prison and fines up to $10,000 if convicted. But police officials explained that the investigation is still in progress, and the evidence so far doesn't allow for rushed conclusions about the guilt of the suspects.","bees_free",5.4592,1,"reproduction"
30,1235,1108,32,"Yes","37C0GNLMHGBVG5VFO1GJRDRMU9GD6E","ЕК","Chrome","3KcUSSuSCOC62UkL","none","false","IteratedNarration_Pilot07",3,1531491576242,2,"IteratedNarration_Pilot07","No","Male",1,91,"English","Linux","Since last April someone has been setting fires in an area of Germany.  The fires include cars, trash cans and homes and one night the arsonist set 8 different homes on fire. The police were dead-ending on information until a reward was offered and some evidence was found. Currently a man is in custody but the police are not saying he is definitely the criminal quite yet.","Fri Jul 13 2018 06:14:08 GMT-0800 (Alaska Daylight Time)",1531491248690,"Since mid-April 2018, a region in Bavaria, Germany, has faced a series of purposefully set fires burning trash cans, a car and even an entire town house. At its peak, eight different fires were started in a single night. Fortunately, nobody was hurt, but the material damages were estimated at around $450,000. The police could not make significant advances in finding the perpetrator, until they publicly offered a reward of $6000 for each helpful tip. A black shirt with a unique design which was found on one of the crime scenes might have given the critical clue. About a week ago, the police arrested a 37 year old suspect on charges of severe arson. If found guilty, he will face up to 10 years in prison. According to recent reports, experts don't believe that the existing evidence unquestionably points to him.","arson_free",5.4592,2,"reproduction"
29,142,349,33,"Yes","3I2PTA7R3U2W4TK9VRG41V33EJNKQT","ЕК","Chrome","XBjHW6DhA1WOuTQY",NA,"true","IteratedNarration_Pilot07",3,1531491296297,2,"IteratedNarration_Pilot07","No","Female",3,30,"English","Windows","A man in Germany caused different fires resulting in $450000 worth of damage. The police identified the culprit based on design he wore. He could face up to 8 years in prison.","Fri Jul 13 2018 09:11:15 GMT-0500 (Central Daylight Time)",1531491075233,"Bavaria, Germany has experienced a recent rash of intentionally set arson fires. One night there were 8 fires mainly from cars and cans. These fires have caused $450,000.00 in damages.  The police offered a reward of $6000.00 and a 30 something year old man was arrested when the police discovered a distinctive design on the man's shirt. He could face 10 years and the case is solid against the man.","arson_jail",3.6844,1,"reproduction"
29,421,349,33,"Yes","3I2PTA7R3U2W4TK9VRG41V33EJNKQT","ЕК","Chrome","libqO52CRNHGl8QY",NA,"true","IteratedNarration_Pilot07",3,1531491296297,2,"IteratedNarration_Pilot07","No","Female",3,75,"English","Windows","The police in Indonesia caught four suspects accused of smuggling 150 birds into the country.","Fri Jul 13 2018 09:11:15 GMT-0500 (Central Daylight Time)",1531491075233,"The Indonesian police caught a smuggled shipment of 150 birds meant to head to the US to be sold as pets.  They arrested 4 of the people supposedly responsible and they face up to 5 years in jail and $8000 in fines.  The police caught the shipment & suspects based on an anonymous tip and some fear the tip may not be strong enough as evidence to indict the suspects.","smuggler_free",3.6844,2,"reproduction"
28,270,416,36,"Yes","3DL65MZB8ENPOSIGUN46JV1HQ7SCEY","ЕК","Chrome","E6C5TSKxC9mt2efm","Thanks.","false","IteratedNarration_Pilot07",2,1531490537518,2,"IteratedNarration_Pilot07","No","Male",2,52,"English","Windows","Arson has been happening causing 450,000 in damage. A reward of 6000 is offered. A shirt with an emblem is leading them to a person they do not have enough evidence to charge.","Fri Jul 13 2018 09:56:59 GMT-0400 (Eastern Daylight Time)",1531490219373,"There has been a recent outbreak of arson cases in one locality that reached up to 450,000+ in damages.  Police officers got a tip after a reward of 6000 was given that led to one arrest.  A t-shirt with an emblem on it was the clue, and now there is the potential for the alleged suspect to spend up to 10 years in prison.  However, guilt beyond reasonable doubt has not been proven.","arson_free",5.30241666666667,1,"reproduction"
28,273,416,36,"Yes","3DL65MZB8ENPOSIGUN46JV1HQ7SCEY","ЕК","Chrome","ZQQ9QW70r9qdN5O6","Thanks.","true","IteratedNarration_Pilot07",2,1531490537518,2,"IteratedNarration_Pilot07","No","Male",3,16,"English","Windows","Many countries are encouraging ""on the trail"". Animals and humans may be dying to extinction.","Fri Jul 13 2018 09:56:59 GMT-0400 (Eastern Daylight Time)",1531490219373,"Many countries and organizations are sending messages about ""On the Trail"". Animal extinction is on the rise as is human mortality in the same field.","smuggler_free",5.30241666666667,2,"reproduction"
27,244,261,46,"Yes","3FIJLY1B6VC0OVRGU3AILDLO1RLPF6","ЕК","Chrome","XBjHW6DhA1WOuTQY",NA,"true","IteratedNarration_Pilot07",2,1531490223663,2,"IteratedNarration_Pilot07","No","Male",2,31,"English","Windows","In Bavaria, Germany, a man was arrested for arson. He had committed multiple crimes. He left a black shirt at his crime scenes. The police are sure he is guilty, mostly because of the black shirt.","Fri Jul 13 2018 09:53:48 GMT-0400 (Eastern Daylight Time)",1531490028237,"Bavaria, Germany has been experiencing a rash of arson incidents since mid April of 2018. One night there were as many as 8 intentionally set fires of things like garbage cans and cars. The fires have caused $450,000 in damages. The police offered a $6000 reward for clues to the perpetrators. A 37 year old man was arrested after police discovered a black shirt with a distinctive design at the scene of one of the fires. The man faces 10 years in prison if convicted. Officials do not think the evidence leaves any room for doubting his guilt in the matter.","arson_jail",3.2571,1,"reproduction"
27,307,261,46,"Yes","3FIJLY1B6VC0OVRGU3AILDLO1RLPF6","ЕК","Chrome","NFbsicimcypgl5mq",NA,"false","IteratedNarration_Pilot07",2,1531490223663,2,"IteratedNarration_Pilot07","No","Male",2,70,"English","Windows","A couple in Iowa owns a bee farm. Two boys who are minors caused damage to the bee farm. The police are sure that the boys are guilty, but they don't want to rush the prosecution.","Fri Jul 13 2018 09:53:48 GMT-0400 (Eastern Daylight Time)",1531490028237,"In late December 2017 a couple in Iowa who run a bee farm went to check on their beehives only to discover that it had been destroyed.  Half a million of bees were killed and over $60,000 dollars in damages were present.  The police found 2 suspects minors that were 12 and 13 were responsible for the crime. They will not be charged as adults as they were children, but could face up to 10 years for the crime.  however the police do not want to rush to a court.","bees_free",3.2571,2,"reproduction"
26,228,278,59,"Yes","3U5NZHP4LSAK2RIMPTYIOYX1H6YPH4","ЕК","Chrome","XeM2ZhVxparVHOfj",NA,"true","IteratedNarration_Pilot07",2,1531490122164,2,"IteratedNarration_Pilot07","No","Male",3,16,"English","Windows","Birds were found in some pipes that were being shipped in some cargo to the U.S. The birds were being trafficked and sold illegally. The perpetrators are being prosecuted and facing jail time.","Fri Jul 13 2018 09:48:56 GMT-0400 (Eastern Daylight Time)",1531489736350,"Birds were found inside pipes in some cargo headed to the US. They were being trafficked there to be sold as pets. Those responsible are facing jail time and a fine.","smuggler_jail",6.43023333333333,1,"reproduction"
26,241,278,59,"Yes","3U5NZHP4LSAK2RIMPTYIOYX1H6YPH4","ЕК","Chrome","FFFOctpwGzIOBLAn",NA,"false","IteratedNarration_Pilot07",2,1531490122164,2,"IteratedNarration_Pilot07","No","Male",2,19,"English","Windows","A town in Germany was having issues with someone committing arson, including the setting of fires to a car and a townhouse. All in all, nearly $450,000 in damage was done and the town offered a $6,000 reward to catch the perpetrator. A man is being held based on a shirt that was left at one of the scenes but the evidence is rather inconclusive.","Fri Jul 13 2018 09:48:56 GMT-0400 (Eastern Daylight Time)",1531489736350,"A town in Germany was experiencing a mass of fires set to property, including a car and town house. The damages came out to $450,000. They began offering a $6,000 reward for helpful tips, which led to an arrest after a shirt was left at one of the scenes. A 37-year old man was arrested, but currently the evidence is inconclusive.","arson_free",6.43023333333333,2,"reproduction"
25,469,388,34,"Yes","3QL2OFSM97QTIYVTNM7P9IVQ4ZRCNL","ЕК","Chrome","NFbsicimcypgl5mq","I liked this hit and i thought it was fun and interesting.","false","IteratedNarration_Pilot07",1,1531490031876,2,"IteratedNarration_Pilot07","No","Male",1,100,"English","Windows","In late December 2017 a couple in Iowa who run a bee farm went to check on their beehives only to discover that it had been destroyed.  Half a million of bees were killed and over $60,000 dollars in damages were present.  The police found 2 suspects minors that were 12 and 13 were responsible for the crime. They will not be charged as adults as they were children, but could face up to 10 years for the crime.  however the police do not want to rush to a court.","Fri Jul 13 2018 08:41:17 GMT-0500 (Central Daylight Time)",1531489277456,"In late December 2017, a couple in Iowa was checking on their 50 beehives when they discovered a tragic incident. The hives had been overturned and hacked apart and the equipment had been thrown out of the shed and smashed. This destruction caused the death of about half a million bees and approximately $60,000 in property damage. Nearly three weeks later, two boys (12 and 13 years old) who are allegedly responsible for the damage were arrested. The charges against them include criminal mischief, offenses to an agricultural animal facility, and burglary. Since they are still minors, they will be charged in juvenile court where they face up to 10 years in prison and fines up to $10,000 if convicted. But police officials explained that the investigation is still in progress, and the evidence so far doesn't allow for rushed conclusions about the guilt of the suspects.","bees_free",12.5736666666667,1,"reproduction"
25,313,388,34,"Yes","3QL2OFSM97QTIYVTNM7P9IVQ4ZRCNL","ЕК","Chrome","XBjHW6DhA1WOuTQY","I liked this hit and i thought it was fun and interesting.","false","IteratedNarration_Pilot07",1,1531490031876,2,"IteratedNarration_Pilot07","No","Male",2,100,"English","Windows","Bavaria, Germany has experienced a recent rash of intentionally set arson fires. One night there were 8 fires mainly from cars and cans. These fires have caused $450,000.00 in damages.  The police offered a reward of $6000.00 and a 30 something year old man was arrested when the police discovered a distinctive design on the man's shirt. He could face 10 years and the case is solid against the man.","Fri Jul 13 2018 08:41:17 GMT-0500 (Central Daylight Time)",1531489277456,"Bavaria, Germany has been experiencing a rash of arson incidents since mid April of 2018. One night there were as many as 8 intentionally set fires of things like garbage cans and cars. The fires have caused $450,000 in damages. The police offered a $6000 reward for clues to the perpetrators. A 37 year old man was arrested after police discovered a black shirt with a distinctive design at the scene of one of the fires. The man faces 10 years in prison if convicted. Officials do not think the evidence leaves any room for doubting his guilt in the matter.","arson_jail",12.5736666666667,2,"reproduction"
24,3501,3500,34,"Yes","38JBBYETQPIMTO5118YO0XPTYUB4ED","ЕК","Chrome","E6C5TSKxC9mt2efm","None","false","IteratedNarration_Pilot07",4,1531490009958,2,"IteratedNarration_Pilot07","No","Female",1,33,"english","Windows","There has been a recent outbreak of arson cases in one locality that reached up to 450,000+ in damages.  Police officers got a tip after a reward of 6000 was given that led to one arrest.  A t-shirt with an emblem on it was the clue, and now there is the potential for the alleged suspect to spend up to 10 years in prison.  However, guilt beyond reasonable doubt has not been proven.","Fri Jul 13 2018 09:42:48 GMT-0400 (Eastern Daylight Time)",1531489368927,"Since mid-April 2018, a region in Bavaria, Germany, has faced a series of purposefully set fires burning trash cans, a car and even an entire town house. At its peak, eight different fires were started in a single night. Fortunately, nobody was hurt, but the material damages were estimated at around $450,000. The police could not make significant advances in finding the perpetrator, until they publicly offered a reward of $6000 for each helpful tip. A black shirt with a unique design which was found on one of the crime scenes might have given the critical clue. About a week ago, the police arrested a 37 year old suspect on charges of severe arson. If found guilty, he will face up to 10 years in prison. According to recent reports, experts don't believe that the existing evidence unquestionably points to him.","arson_free",10.68385,1,"reproduction"
24,3913,3500,34,"Yes","38JBBYETQPIMTO5118YO0XPTYUB4ED","ЕК","Chrome","02vlr899bYjzBcL3","None","false","IteratedNarration_Pilot07",4,1531490009958,2,"IteratedNarration_Pilot07","No","Female",1,75,"english","Windows","Some beekeepers in Iowa made a terrible discovery when they found that their haves had been turnover by intruders.  The damage was very costly and police where able to pin down two teenage suspects, 12 and 13, as responsible for the crime.  The teens now face 10 years and up to 10,000 in fines for the crime.","Fri Jul 13 2018 09:42:48 GMT-0400 (Eastern Daylight Time)",1531489368927,"In late December 2017, a couple in Iowa was checking on their 50 beehives when they discovered a tragic incident. The hives had been overturned and hacked apart and the equipment had been thrown out of the shed and smashed. This destruction caused the death of about half a million bees and approximately $60,000 in property damage. Nearly three weeks later, two boys (12 and 13 years old) who are allegedly responsible for the damage were arrested. The charges against them include criminal mischief, offenses to an agricultural animal facility, and burglary. Since they are still minors, they will be charged in juvenile court where they face up to 10 years in prison and fines up to $10,000 if convicted. Police officials explained that the investigation is still in progress, but the evidence so far overwhelmingly speaks for the guilt of the suspects.","bees_jail",10.68385,2,"reproduction"
23,243,253,56,"Yes","3W2LOLRXLCNWGUZ986546LD8A5QRK2","ЕК","Chrome","j15FQJl14mVrTs3w",NA,"true","IteratedNarration_Pilot07",3,1531489999395,2,"IteratedNarration_Pilot07","No","Female",3,92,"English","Windows","Four smugglers were caught in Indonesia for having a lot of exotic birds. They went to jail and were fined.","Fri Jul 13 2018 09:50:21 GMT-0400 (Eastern Daylight Time)",1531489821046,"Four smugglers were caught in Indonesia with cargo containing $250,000 worth of exotic birds. They now face fines of $8000 and up to 5 years in prison.","smuggler_jail",2.97248333333333,1,"reproduction"
23,255,253,56,"Yes","3W2LOLRXLCNWGUZ986546LD8A5QRK2","ЕК","Chrome","VeaBr3yPgN9wq4Wc",NA,"false","IteratedNarration_Pilot07",3,1531489999395,2,"IteratedNarration_Pilot07","No","Female",1,79,"English","Windows","A couple of boys caused damage to beehives owned by a couple. The boys were caught by the police. The police think the boys are guilty but are unsure about the evidence they have to prosecute the boys.","Fri Jul 13 2018 09:50:21 GMT-0400 (Eastern Daylight Time)",1531489821046,"In late December 2017, a couple in Iowa was checking on their 50 beehives when they discovered a tragic incident. The hives had been overturned and hacked apart and the equipment had been thrown out of the shed and smashed. This destruction caused the death of about half a million bees and approximately $60,000 in property damage. Nearly three weeks later, two boys (12 and 13 years old) who are allegedly responsible for the damage were arrested. The charges against them include criminal mischief, offenses to an agricultural animal facility, and burglary. Since they are still minors, they will be charged in juvenile court where they face up to 10 years in prison and fines up to $10,000 if convicted. But police officials explained that the investigation is still in progress, and the evidence so far doesn't allow for rushed conclusions about the guilt of the suspects.","bees_free",2.97248333333333,2,"reproduction"
22,542,542,34,"Yes","3WETL7AQWUG1F9T4QT02MYRA71E53Q","ЕК","Chrome","MFAVpIZCN70RwtFv",NA,"false","IteratedNarration_Pilot07",3,1531489819948,1,"IteratedNarration_Pilot07","No","Female",2,89,"English","Windows","Four men were arrested for smuggling in a quarter million dollars worth of illegal birds. The birds were stuffed into a drain pipe in a vessel. The Indonesian police intervened and got the birds out, while arresting the men.","Fri Jul 13 2018 06:47:22 GMT-0700 (Pacific Daylight Time)",1531489642677,"Indonesian police checked a vessel and were able to prevent a smuggling attempt.they found a bunch of birds stuffed in drain pipes and sealed by wire,they were going to be transported to the US to be sold as pets. The delivery was estimated to be worth about a quarter million dollars and a week later four men were arrested although they deny being involved.","smuggler_free",2.95451666666667,1,"reproduction"
22,536,542,34,"Yes","3WETL7AQWUG1F9T4QT02MYRA71E53Q","ЕК","Chrome","C0KptHNInKbbCHm7",NA,"true","IteratedNarration_Pilot07",3,1531489819948,1,"IteratedNarration_Pilot07","No","Female",3,32,"English","Windows","There were a bunch of arson in Germany. Police found a black shirt and arrested a suspect, but everyone says there isn't enough evidence for arresting the person.","Fri Jul 13 2018 06:47:22 GMT-0700 (Pacific Daylight Time)",1531489642677,"There were a series of arsons in Germany, for which the police had trouble finding the criminal responsible.  Eventually they found a black shirt as evidence, and used it to arrest a suspect.  However some people are saying the evidence is not strong enough.","arson_free",2.95451666666667,2,"reproduction"
21,301,184,34,"Yes","3RKNTXVS3N6J3BOPL3W24EZ2DFDA4O","ЕК","Firefox","C0KptHNInKbbCHm7",NA,"false","IteratedNarration_Pilot07",3,1531489726010,2,"IteratedNarration_Pilot07","No","Male",2,38,"english","Windows","There were a series of arsons in Germany, for which the police had trouble finding the criminal responsible.  Eventually they found a black shirt as evidence, and used it to arrest a suspect.  However some people are saying the evidence is not strong enough.","Fri Jul 13 2018 09:45:00 GMT-0400 (Eastern Daylight Time)",1531489500374,"There were intentionally set fires in Germany that caused a lot of property damage. The police had a lot of trouble finding the arsonist, so they offered a reward for information. The police found a black shirt that they used as evidence to arrest a suspect. Experts think that the current evidence isn't enough.","arson_free",3.7606,1,"reproduction"
21,75,184,34,"Yes","3RKNTXVS3N6J3BOPL3W24EZ2DFDA4O","ЕК","Firefox","libqO52CRNHGl8QY",NA,"false","IteratedNarration_Pilot07",3,1531489726010,2,"IteratedNarration_Pilot07","No","Male",2,86,"english","Windows","The Indonesian police caught a smuggled shipment of 150 birds meant to head to the US to be sold as pets.  They arrested 4 of the people supposedly responsible and they face up to 5 years in jail and $8000 in fines.  The police caught the shipment & suspects based on an anonymous tip and some fear the tip may not be strong enough as evidence to indict the suspects.","Fri Jul 13 2018 09:45:00 GMT-0400 (Eastern Daylight Time)",1531489500374,"During a routine check on a cargo vessel, the Indonesian police discovered 150 exotic birds cruelly stuffed into plastic drain pipes that were sealed at either end with wire meshing. It is thought that the animals were intended to be sold as pets in the US where the shipment as headed. Due to their timely action, the Indonesian police were able to thwart a smuggling attempt. The shipment was believed to have been worth at least $250,000. Nearly one week after this shocking discovery the police were able to capture four men thought responsible for the crime. They could face up to five years in prison and a fine of upto $8000 if found guilty. However, it should be mentioned that the case rests on an anonymous tip which led police to arrest the suspects. Therefore, it remains to be seen how much proof or evidence can be shown to link the suspects to the crime.","smuggler_free",3.7606,2,"reproduction"
20,1089,935,NA,"Yes","35GCEFQ6I6WZMNDTXH7IB2Y580NZ3S","ЕК","Chrome","FFFOctpwGzIOBLAn",NA,"false","IteratedNarration_Pilot07",2,1531489532148,2,"IteratedNarration_Pilot07","No","Male",1,68,"English","Windows","A town in Germany was experiencing a mass of fires set to property, including a car and town house. The damages came out to $450,000. They began offering a $6,000 reward for helpful tips, which led to an arrest after a shirt was left at one of the scenes. A 37-year old man was arrested, but currently the evidence is inconclusive.","Fri Jul 13 2018 09:40:54 GMT-0400 (Eastern Daylight Time)",1531489254231,"Since mid-April 2018, a region in Bavaria, Germany, has faced a series of purposefully set fires burning trash cans, a car and even an entire town house. At its peak, eight different fires were started in a single night. Fortunately, nobody was hurt, but the material damages were estimated at around $450,000. The police could not make significant advances in finding the perpetrator, until they publicly offered a reward of $6000 for each helpful tip. A black shirt with a unique design which was found on one of the crime scenes might have given the critical clue. About a week ago, the police arrested a 37 year old suspect on charges of severe arson. If found guilty, he will face up to 10 years in prison. According to recent reports, experts don't believe that the existing evidence unquestionably points to him.","arson_free",4.63195,1,"reproduction"
20,789,935,NA,"Yes","35GCEFQ6I6WZMNDTXH7IB2Y580NZ3S","ЕК","Chrome","XeM2ZhVxparVHOfj",NA,"false","IteratedNarration_Pilot07",2,1531489532148,2,"IteratedNarration_Pilot07","No","Male",2,100,"English","Windows","Birds were found inside pipes in some cargo headed to the US. They were being trafficked there to be sold as pets. Those responsible are facing jail time and a fine.","Fri Jul 13 2018 09:40:54 GMT-0400 (Eastern Daylight Time)",1531489254231,"Indonesian police conducted a routine check on a cargo vessel and found birds in pipes sealed at each end. They were going to the US to be sold as pets. They were worth about 250,000 USD. The 4 suspects could go to prison and have to pay a fine.","smuggler_jail",4.63195,2,"reproduction"
19,547,713,27,"Yes","3IX2EGZR7CR15ATRQL5S56DVVGQRJ3","ЕК","Chrome","C0KptHNInKbbCHm7","Fun HIT, not much else to add.","false","IteratedNarration_Pilot07",2,1531489457660,2,"IteratedNarration_Pilot07","No","Male",1,61,"English","Windows","There were intentionally set fires in Germany that caused a lot of property damage. The police had a lot of trouble finding the arsonist, so they offered a reward for information. The police found a black shirt that they used as evidence to arrest a suspect. Experts think that the current evidence isn't enough.","Fri Jul 13 2018 06:36:47 GMT-0700 (Pacific Daylight Time)",1531489007341,"Since mid-April 2018, a region in Bavaria, Germany, has faced a series of purposefully set fires burning trash cans, a car and even an entire town house. At its peak, eight different fires were started in a single night. Fortunately, nobody was hurt, but the material damages were estimated at around $450,000. The police could not make significant advances in finding the perpetrator, until they publicly offered a reward of $6000 for each helpful tip. A black shirt with a unique design which was found on one of the crime scenes might have given the critical clue. About a week ago, the police arrested a 37 year old suspect on charges of severe arson. If found guilty, he will face up to 10 years in prison. According to recent reports, experts don't believe that the existing evidence unquestionably points to him.","arson_free",7.50531666666667,1,"reproduction"
19,844,713,27,"Yes","3IX2EGZR7CR15ATRQL5S56DVVGQRJ3","ЕК","Chrome","j15FQJl14mVrTs3w","Fun HIT, not much else to add.","false","IteratedNarration_Pilot07",2,1531489457660,2,"IteratedNarration_Pilot07","No","Male",2,99,"English","Windows","Four smugglers were caught in Indonesia with cargo containing $250,000 worth of exotic birds. They now face fines of $8000 and up to 5 years in prison.","Fri Jul 13 2018 06:36:47 GMT-0700 (Pacific Daylight Time)",1531489007341,"Cargo from Indonesia contained $250,000 worth of exotic birds. Four men were caught who smuggled them in and face up to 5 years in prison and $8000 in fines.","smuggler_jail",7.50531666666667,2,"reproduction"
18,268,275,25,"Yes","3B837J3LDP4U4DCHDFE6X74IRZ3SRK","ЕК","Chrome","ZQQ9QW70r9qdN5O6",NA,"false","IteratedNarration_Pilot07",3,1531489357674,1,"IteratedNarration_Pilot07","No","Male",2,78,"english","Windows","Many countries and organizations are sending messages about ""On the Trail"". Animal extinction is on the rise as is human mortality in the same field.","Fri Jul 13 2018 08:34:31 GMT-0500 (Central Daylight Time)",1531488871446,"Numerous messages have been sent to Robin\ndes Bois from Africa, Asia, Europe and the\nAmerican continent. They come from Custom\nofficers, CITES delegates, governmental institutions,\nNon-Governmental Organizations and\nfrom the general public. They all testify to the\nusefulness of “A la Trace” and the English version\n“On the Trail”.\nThe closer that species with substances considered\nto be of value come to global or local extinction,\nthe more the means to attack and to defend\nthem turn murderous. The total of human\nmortality in this war on wildlife is increasing.\nThefts of seizures, including from governmental\nsafety vaults, are multiplying. These hold-ups\nyield, for those who organize them, more money\nthan bank and cash transportation robberies. \n","smuggler_free",8.1038,1,"reproduction"
18,337,275,25,"Yes","3B837J3LDP4U4DCHDFE6X74IRZ3SRK","ЕК","Chrome","1bOxz26mbq8wCDDK",NA,"true","IteratedNarration_Pilot07",3,1531489357674,1,"IteratedNarration_Pilot07","No","Male",3,25,"english","Windows","in December 2017, many beehives were destroyed. Two 12 year old boys are suspects but presumed not guilty.","Fri Jul 13 2018 08:34:31 GMT-0500 (Central Daylight Time)",1531488871446,"In December of 2017 a beekeeper's hive was destroyed. There was $60,000 in damages. Two 12 year old boys are the only known suspects, but they're not presumed guilty.","bees_free",8.1038,2,"reproduction"
17,163,144,29,"Yes","3TXMY6UCAFWELV8L3EZ6DCQV9AECQ8","ЕК","Chrome","jKOC3CQAAW7G3Pa4",NA,"false","IteratedNarration_Pilot07",3,1531489293191,2,"IteratedNarration_Pilot07","No","Female",2,78,"English","Mac","Authorities found 150 exotic birds in an attempt to come into the USA. These birds were worth about $250,000.","Fri Jul 13 2018 09:39:12 GMT-0400 (Eastern Daylight Time)",1531489152655,"The Indonesian police discovered 150 exotic birds stuffed into plastic drain pipes during a routine check. The birds were destined to the United States where they would be sold for approximately $250,000. Eyewitness testimony led to the arrest of 4 believed to be involved in an exotic animal smuggling ring. They face up to 5 years in prison and an $8,000 fine if convicted. There have been inconsistencies in the testimony of the suspected smugglers.","smuggler_jail",2.34226666666667,1,"reproduction"
17,157,144,29,"Yes","3TXMY6UCAFWELV8L3EZ6DCQV9AECQ8","ЕК","Chrome","WsOQJZf8pXd09yvc",NA,"true","IteratedNarration_Pilot07",3,1531489293191,2,"IteratedNarration_Pilot07","No","Female",3,23,"English","Mac","THe person that did this crime will be held responsible for it.","Fri Jul 13 2018 09:39:12 GMT-0400 (Eastern Daylight Time)",1531489152655,"In 2018 Germany had an outbreak of fires. As many as 8 fires were set in one night totaling $450,000 in damages. The police found a shirt and issued a reward of $6000 for any information on the suspect. The suspect was found and presumed guilty.","arson_jail",2.34226666666667,2,"reproduction"
16,292,303,36,"Yes","32SVAV9L3GHYLF5LLPRJU97WZFFA31","ЕК","Chrome","jKOC3CQAAW7G3Pa4",NA,"false","IteratedNarration_Pilot07",3,1531488740924,1,"IteratedNarration_Pilot07","No","Male",1,18,"english","Windows","The Indonesian police discovered 150 exotic birds stuffed into plastic drain pipes during a routine check. The birds were destined to the United States where they would be sold for approximately $250,000. Eyewitness testimony led to the arrest of 4 believed to be involved in an exotic animal smuggling ring. They face up to 5 years in prison and an $8,000 fine if convicted. There have been inconsistencies in the testimony of the suspected smugglers.","Fri Jul 13 2018 09:23:03 GMT-0400 (Eastern Daylight Time)",1531488183946,"Because of a routine check on cargo vessel, the Indonesian police was able to prevent a smuggling attempt. They found about 150 exotic birds stuffed into plastic drain pipes that were sealed at each end by a wire. The animals were meant to be transported to the US, where they can be soled as pets. Officials assume, that the operation was planned and executed by a wildlife trafficking ring. This delivery is worth approximately $250,000. Nearly one week after discovering the illegally captured birds, the police arrested four men who are allegedly responsible for this act. The suspects face up to five years in prison and an up to $8000 fine if found guilty. However, the case rests on several eyewitness reports which provide a very strong case and there have been inconsistencies in the testimonies of the four suspects. Thus, it is very likely, that they were involved.","smuggler_jail",9.28296666666667,1,"reproduction"
16,215,303,36,"Yes","32SVAV9L3GHYLF5LLPRJU97WZFFA31","ЕК","Chrome","XBjHW6DhA1WOuTQY",NA,"false","IteratedNarration_Pilot07",3,1531488740924,1,"IteratedNarration_Pilot07","No","Male",1,4,"english","Windows","Bavaria, Germany has been experiencing a rash of arson incidents since mid April of 2018. One night there were as many as 8 intentionally set fires of things like garbage cans and cars. The fires have caused $450,000 in damages. The police offered a $6000 reward for clues to the perpetrators. A 37 year old man was arrested after police discovered a black shirt with a distinctive design at the scene of one of the fires. The man faces 10 years in prison if convicted. Officials do not think the evidence leaves any room for doubting his guilt in the matter.","Fri Jul 13 2018 09:23:03 GMT-0400 (Eastern Daylight Time)",1531488183946,"Since mid-April 2018, a region in Bavaria, Germany, has faced a series of purposefully set fires burning trash cans, a car and even an entire town house. At its peak, eight different fires were started in a single night. Fortunately, nobody was hurt, but the material damages were estimated at around $450,000. The police could not make significant advances in finding the perpetrator, until they publicly offered a reward of $6000 for each helpful tip. A black shirt with a unique design which was found on one of the crime scenes might have given the critical clue. About a week ago, the police arrested a 37 year old suspect on charges of severe arson. If found guilty, he will face up to 10 years in prison. According to recent reports, experts don't believe that the existing evidence leaves any doubt about his guilt.","arson_jail",9.28296666666667,2,"reproduction"
15,361,470,36,"Yes","3QAPZX2QN5LDZKBKPNGLMTQRKF420S","ЕК","Chrome","xFmDkN7IuHDPNGpz","non","true","IteratedNarration_Pilot07",2,1531488673278,1,"IteratedNarration_Pilot07","No","Female",2,100,"English","Windows","In 2017, a couple in Iowa lost half a million bees. The hives had been destroyed intentionally. It was $60,000 worth of damage. A 12 and 13 year old was arrested for it a few weeks later and they were charged with criminal mischief. They may have to go to prison and pay a fine.","Fri Jul 13 2018 08:26:25 GMT-0500 (Central Daylight Time)",1531488385179,"In December of 2017, a couple in Iowa discovered that their beehives had been totally destroyed and half a million bees had died during this tragic incident. The hives had been overturned and hacked apart and smashed to bits. This destruction also resulted in $60,000 worth of property damages. About three weeks later, two boys aged 12 and 13 respectively, were arrested for the crime. The charges against them include criminal mischief and burglary. If found guilty, they could face up to ten years in prison and a fine up to $10,000. The investigation is still in progress. The evidence so far overwhelmingly puts the boys at the scene of the crime.","bees_jail",4.80165,1,"reproduction"
15,292,470,36,"Yes","3QAPZX2QN5LDZKBKPNGLMTQRKF420S","ЕК","Chrome","XeM2ZhVxparVHOfj","non","false","IteratedNarration_Pilot07",2,1531488673278,1,"IteratedNarration_Pilot07","No","Female",1,100,"English","Windows","Indonesian police conducted a routine check on a cargo vessel and found birds in pipes sealed at each end. They were going to the US to be sold as pets. They were worth about 250,000 USD. The 4 suspects could go to prison and have to pay a fine.","Fri Jul 13 2018 08:26:25 GMT-0500 (Central Daylight Time)",1531488385179,"Because of a routine check on cargo vessel, the Indonesian police was able to prevent a smuggling attempt. They found about 150 exotic birds stuffed into plastic drain pipes that were sealed at each end by a wire. The animals were meant to be transported to the US, where they can be soled as pets. Officials assume, that the operation was planned and executed by a wildlife trafficking ring. This delivery is worth approximately $250,000. Nearly one week after discovering the illegally captured birds, the police arrested four men who are allegedly responsible for this act. The suspects face up to five years in prison and an up to $8000 fine if found guilty. However, the case rests on several eyewitness reports which provide a very strong case and there have been inconsistencies in the testimonies of the four suspects. Thus, it is very likely, that they were involved.","smuggler_jail",4.80165,2,"reproduction"
14,284,274,23,"Yes","3RKNTXVS3N6J3BOPL3W24EZ2DFBA4M","ЕК","Firefox","j15FQJl14mVrTs3w",NA,"false","IteratedNarration_Pilot07",2,1531488664567,1,"IteratedNarration_Pilot07","Yes_both","Female",1,100,"English","Windows","Cargo from Indonesia contained $250,000 worth of exotic birds. Four men were caught who smuggled them in and face up to 5 years in prison and $8000 in fines.","Fri Jul 13 2018 09:27:29 GMT-0400 (Eastern Daylight Time)",1531488449771,"Because of a routine check on cargo vessel, the Indonesian police was able to prevent a smuggling attempt. They found about 150 exotic birds stuffed into plastic drain pipes that were sealed at each end by a wire. The animals were meant to be transported to the US, where they can be soled as pets. Officials assume, that the operation was planned and executed by a wildlife trafficking ring. This delivery is worth approximately $250,000. Nearly one week after discovering the illegally captured birds, the police arrested four men who are allegedly responsible for this act. The suspects face up to five years in prison and an up to $8000 fine if found guilty. However, the case rests on several eyewitness reports which provide a very strong case and there have been inconsistencies in the testimonies of the four suspects. Thus, it is very likely, that they were involved.","smuggler_jail",3.57993333333333,1,"reproduction"
14,284,274,23,"Yes","3RKNTXVS3N6J3BOPL3W24EZ2DFBA4M","ЕК","Firefox","xFmDkN7IuHDPNGpz",NA,"false","IteratedNarration_Pilot07",2,1531488664567,1,"IteratedNarration_Pilot07","Yes_both","Female",2,100,"English","Windows","Two boys, aged 12 and 13 tore apart and smashed beehives in Iowa. The damages came out to $60,000 and could face up to 10 years in prison and $10,000 in fines.","Fri Jul 13 2018 09:27:29 GMT-0400 (Eastern Daylight Time)",1531488449771,"In December of 2017, a couple in Iowa discovered that their beehives had been totally destroyed and half a million bees had died during this tragic incident. The hives had been overturned and hacked apart and smashed to bits. This destruction also resulted in $60,000 worth of property damages. About three weeks later, two boys aged 12 and 13 respectively, were arrested for the crime. The charges against them include criminal mischief and burglary. If found guilty, they could face up to ten years in prison and a fine up to $10,000. The investigation is still in progress. The evidence so far overwhelmingly puts the boys at the scene of the crime.","bees_jail",3.57993333333333,2,"reproduction"
13,77,181,28,"Yes","3I7DHKZYGO8WVL9XAO14N7G7ARJF59","ЕК","Chrome","wyP9wxGF6WMx3j5g",NA,"false","IteratedNarration_Pilot07",3,1531488382209,2,"IteratedNarration_Pilot07","No","Male",1,90,"English","Windows","A man sets fires in Germany in mid April. Police found a suspect but they do not believe it is him.","Fri Jul 13 2018 09:23:46 GMT-0400 (Eastern Daylight Time)",1531488226290,"Since mid-April 2018, a region in Bavaria, Germany, has faced a series of purposefully set fires burning trash cans, a car and even an entire town house. At its peak, eight different fires were started in a single night. Fortunately, nobody was hurt, but the material damages were estimated at around $450,000. The police could not make significant advances in finding the perpetrator, until they publicly offered a reward of $6000 for each helpful tip. A black shirt with a unique design which was found on one of the crime scenes might have given the critical clue. About a week ago, the police arrested a 37 year old suspect on charges of severe arson. If found guilty, he will face up to 10 years in prison. According to recent reports, experts don't believe that the existing evidence unquestionably points to him.","arson_free",2.59865,1,"reproduction"
13,120,181,28,"Yes","3I7DHKZYGO8WVL9XAO14N7G7ARJF59","ЕК","Chrome","fKPX06UWU58mEaqW",NA,"false","IteratedNarration_Pilot07",3,1531488382209,2,"IteratedNarration_Pilot07","No","Male",2,2,"English","Windows","Folks found some guys smuggling exotic birds worth over 250k. They could be found guilty.","Fri Jul 13 2018 09:23:46 GMT-0400 (Eastern Daylight Time)",1531488226290,"A routine check prevented a smuggling attempt. Police found 150 birds worth $250k. If found guilty could see as much as 5yrs and $8k fine. With eye witness reports and different stories from suspects its very likely they will be found guilty.","smuggler_jail",2.59865,2,"reproduction"
12,1272,4488,NA,"Yes","31IBVUNM9T7DTFOCGFJHR5A6NFLVFW","ЕК","Chrome","ZQQ9QW70r9qdN5O6","good","false","IteratedNarration_Pilot07",3,1531488305022,0,"IteratedNarration_Pilot07","Yes_both","Male",1,91,"no","Windows","Numerous messages have been sent to Robin\ndes Bois from Africa, Asia, Europe and the\nAmerican continent. They come from Custom\nofficers, CITES delegates, governmental institutions,\nNon-Governmental Organizations and\nfrom the general public. They all testify to the\nusefulness of “A la Trace” and the English version\n“On the Trail”.\nThe closer that species with substances considered\nto be of value come to global or local extinction,\nthe more the means to attack and to defend\nthem turn murderous. The total of human\nmortality in this war on wildlife is increasing.\nThefts of seizures, including from governmental\nsafety vaults, are multiplying. These hold-ups\nyield, for those who organize them, more money\nthan bank and cash transportation robberies. \n","Fri Jul 13 2018 06:20:39 GMT-0700 (Pacific Daylight Time)",1531488039630,"Because of a routine check on a cargo vessel, the Indonesian police was able to prevent a smuggling attempt. They found about 150 exotic birds stuffed into plastic drain pipes that were sealed at each end by a wire. The animals were meant to be transported to the US, where they can be sold as pets. Officials assume that the operation was planned and executed by a wildlife trafficking ring. This delivery is worth approximately $250,000. Nearly one week after discovering the illegally captured birds, the police arrested four men who are allegedly responsible for this act. The suspects face up to five years in prison and a fine of up to $8000 if found guilty. However, the case rests on an anonymous tip which provides a very weak case and all four suspects still deny any connection to the smuggling affair. Thus, it is still not clear, whether they were involved, or not.","smuggler_free",4.4232,1,"reproduction"
12,2261,4488,NA,"Yes","31IBVUNM9T7DTFOCGFJHR5A6NFLVFW","ЕК","Chrome","dv6hT8bmr3nnaO0I","good","true","IteratedNarration_Pilot07",3,1531488305022,0,"IteratedNarration_Pilot07","Yes_both","Male",3,79,"no","Windows","\nA European arrest warrant was issued for Amri after Monday night's tragedy in Berlin in which a lorry was hijacked and ploughed into wooden stalls and crowds of shoppers.\n\nTwelve people were killed and 48 others were injured in the attack, which has been claimed by the Islamic State terrorist group.\n\nIt has been revealed since that Amri was known to German police and before traveling to the country he served four years in an Italian jail over accusations he set fire to a school.\n\nHe was previously arrested three times and let go, it has been reported.\n\nREAD MORE\nBerlin attack suspect dead: Latest updates after A shot by","Fri Jul 13 2018 06:20:39 GMT-0700 (Pacific Daylight Time)",1531488039630,"This year a region in Germany has faced several fires.  Police had difficulty finding a culprit, but after a $6000 reward was offered they now have a suspect.","arson_jail",4.4232,2,"reproduction"
11,191,199,41,"Yes","3FFJ6VRIL2WHA5PMEQ1D99X89B00I0","ЕК","Chrome","WsOQJZf8pXd09yvc",NA,"true","IteratedNarration_Pilot07",1,1531488239927,1,"IteratedNarration_Pilot07","No","Male",2,20,"English","Windows","in 2018 there were lots of fires set in Germany. Damaging almost half a million dollars.Police have a suspect and he is assumed guilty.","Fri Jul 13 2018 09:17:40 GMT-0400 (Eastern Daylight Time)",1531487860869,"In 2018 lots of fires were set in Germany. at the peak of arson, 8 fires were set in one night. A trash can, a car, and an entire town house were burned down. The damage was in excess of $450,000. Police were unable to catch the arsonist until they made a reward of $6,000 available. A black shirt was found with a unique pattern at the scene of the crime. Police arrested a suspect and he is presumed guilty.","arson_jail",6.31763333333333,1,"reproduction"
11,139,199,41,"Yes","3FFJ6VRIL2WHA5PMEQ1D99X89B00I0","ЕК","Chrome","fKPX06UWU58mEaqW",NA,"false","IteratedNarration_Pilot07",1,1531488239927,1,"IteratedNarration_Pilot07","No","Male",1,92,"English","Windows","A routine check prevented a smuggling attempt. Police found 150 birds worth $250k. If found guilty could see as much as 5yrs and $8k fine. With eye witness reports and different stories from suspects its very likely they will be found guilty.","Fri Jul 13 2018 09:17:40 GMT-0400 (Eastern Daylight Time)",1531487860869,"Because of a routine check on cargo vessel, the Indonesian police was able to prevent a smuggling attempt. They found about 150 exotic birds stuffed into plastic drain pipes that were sealed at each end by a wire. The animals were meant to be transported to the US, where they can be soled as pets. Officials assume, that the operation was planned and executed by a wildlife trafficking ring. This delivery is worth approximately $250,000. Nearly one week after discovering the illegally captured birds, the police arrested four men who are allegedly responsible for this act. The suspects face up to five years in prison and an up to $8000 fine if found guilty. However, the case rests on several eyewitness reports which provide a very strong case and there have been inconsistencies in the testimonies of the four suspects. Thus, it is very likely, that they were involved.","smuggler_jail",6.31763333333333,2,"reproduction"
10,164,168,29,"Yes","3GGAI1SQEW6N0GATBLSPW36QZ9HCML","ЕК","Chrome","1bOxz26mbq8wCDDK",NA,"false","IteratedNarration_Pilot07",2,1531488103464,1,"IteratedNarration_Pilot07","No","Female",2,25,"English","Windows","In December of 2017 a beekeeper's hive was destroyed. There was $60,000 in damages. Two 12 year old boys are the only known suspects, but they're not presumed guilty.","Fri Jul 13 2018 09:16:06 GMT-0400 (Eastern Daylight Time)",1531487766945,"In December 2017 a beekeeper couple's hives were destroyed. Over a million bees were killed and over $60,000 in damages were done. The suspects are 2 12 year old boys who face up to 10 years in prison and $10,000 in fines. They are not presumed guilty.","bees_free",5.60865,1,"reproduction"
10,169,168,29,"Yes","3GGAI1SQEW6N0GATBLSPW36QZ9HCML","ЕК","Chrome","WsOQJZf8pXd09yvc",NA,"false","IteratedNarration_Pilot07",2,1531488103464,1,"IteratedNarration_Pilot07","No","Female",2,28,"English","Windows","In 2018 Germany had an outbreak of fires. As many as 8 fires were set in one night totaling $450,000 in damages. The police found a shirt and issued a reward of $6000 for any information on the suspect. The suspect was found and presumed guilty.","Fri Jul 13 2018 09:16:06 GMT-0400 (Eastern Daylight Time)",1531487766945,"In 2018 lots of fires were set in Germany. at the peak of arson, 8 fires were set in one night. A trash can, a car, and an entire town house were burned down. The damage was in excess of $450,000. Police were unable to catch the arsonist until they made a reward of $6,000 available. A black shirt was found with a unique pattern at the scene of the crime. Police arrested a suspect and he is presumed guilty.","arson_jail",5.60865,2,"reproduction"
9,NA,176,42,"Yes","3EFE17QCRDDHFJYEHA2CJ32C4Q4HSB","ЕК","Chrome","libqO52CRNHGl8QY","Thank you.","false","IteratedNarration_Pilot07",3,1531488074222,2,"IteratedNarration_Pilot07","No","Male",1,100,"English","Windows","During a routine check on a cargo vessel, the Indonesian police discovered 150 exotic birds cruelly stuffed into plastic drain pipes that were sealed at either end with wire meshing. It is thought that the animals were intended to be sold as pets in the US where the shipment as headed. Due to their timely action, the Indonesian police were able to thwart a smuggling attempt. The shipment was believed to have been worth at least $250,000. Nearly one week after this shocking discovery the police were able to capture four men thought responsible for the crime. They could face up to five years in prison and a fine of upto $8000 if found guilty. However, it should be mentioned that the case rests on an anonymous tip which led police to arrest the suspects. Therefore, it remains to be seen how much proof or evidence can be shown to link the suspects to the crime.","Fri Jul 13 2018 09:05:45 GMT-0400 (Eastern Daylight Time)",1531487145063,"Because of a routine check on a cargo vessel, the Indonesian police was able to prevent a smuggling attempt. They found about 150 exotic birds stuffed into plastic drain pipes that were sealed at each end by a wire. The animals were meant to be transported to the US, where they can be sold as pets. Officials assume that the operation was planned and executed by a wildlife trafficking ring. This delivery is worth approximately $250,000. Nearly one week after discovering the illegally captured birds, the police arrested four men who are allegedly responsible for this act. The suspects face up to five years in prison and a fine of up to $8000 if found guilty. However, the case rests on an anonymous tip which provides a very weak case and all four suspects still deny any connection to the smuggling affair. Thus, it is still not clear, whether they were involved, or not.","smuggler_free",15.4859833333333,1,"reproduction"
9,195,176,42,"Yes","3EFE17QCRDDHFJYEHA2CJ32C4Q4HSB","ЕК","Chrome","xFmDkN7IuHDPNGpz","Thank you.","false","IteratedNarration_Pilot07",3,1531488074222,2,"IteratedNarration_Pilot07","No","Male",1,100,"English","Windows","In December of 2017, a couple in Iowa discovered that their beehives had been totally destroyed and half a million bees had died during this tragic incident. The hives had been overturned and hacked apart and smashed to bits. This destruction also resulted in $60,000 worth of property damages. About three weeks later, two boys aged 12 and 13 respectively, were arrested for the crime. The charges against them include criminal mischief and burglary. If found guilty, they could face up to ten years in prison and a fine up to $10,000. The investigation is still in progress. The evidence so far overwhelmingly puts the boys at the scene of the crime.","Fri Jul 13 2018 09:05:45 GMT-0400 (Eastern Daylight Time)",1531487145063,"In late December 2017, a couple in Iowa was checking on their 50 beehives when they discovered a tragic incident. The hives had been overturned and hacked apart and the equipment had been thrown out of the shed and smashed. This destruction caused the death of about half a million bees and approximately $60,000 in property damage. Nearly three weeks later, two boys (12 and 13 years old) who are allegedly responsible for the damage were arrested. The charges against them include criminal mischief, offenses to an agricultural animal facility, and burglary. Since they are still minors, they will be charged in juvenile court where they face up to 10 years in prison and fines up to $10,000 if convicted. Police officials explained that the investigation is still in progress, but the evidence so far overwhelmingly speaks for the guilt of the suspects.","bees_jail",15.4859833333333,2,"reproduction"
8,345,311,37,"Yes","3R3YRB5GRGBIK9I409NKHIXWCSZAU9","ЕК","Chrome","rxBKphFdFrZVCEn6",NA,"false","IteratedNarration_Pilot07",3,1531487931251,1,"IteratedNarration_Pilot07","No","Male",2,85,"english","Windows","iowa couple found bee hives damaged boy 10 yo arrested could spend 10 yrs in jail.","Fri Jul 13 2018 06:14:43 GMT-0700 (Mountain Standard Time)",1531487683111,"A couple from Iowa went out to check on their 50 beehives. When they discouraged a tragic scene. All of the beehives where cut open and the shed was torn apart and there were many things damaged. It caused a huge amount of money in damages. The 12 and 13 year old boys that were accused of doing this were arrested and were being charged with burglary and damage to a agricultural farm. If found guilty they could spend up to 10 years in jail and face fines.","bees_jail",4.13566666666667,1,"reproduction"
8,323,311,37,"Yes","3R3YRB5GRGBIK9I409NKHIXWCSZAU9","ЕК","Chrome","IPmRaAe9tblpRZ3B",NA,"false","IteratedNarration_Pilot07",3,1531487931251,1,"IteratedNarration_Pilot07","No","Male",2,32,"english","Windows","april 18 fire arrested man linked to black tee not sure if he is guilty","Fri Jul 13 2018 06:14:43 GMT-0700 (Mountain Standard Time)",1531487683111,"In April 2018 there was an arson in Germany. The police put out a reward of 6 thousand dollars for any helpful advice leading tot he arsonist. They found a T Shirt at a crime scene that was black and had a logo on it and linked it to a 37 year old man whom was arrested. They don't know if he's guilty or not yet.","arson_free",4.13566666666667,2,"reproduction"
7,NA,284,35,"Yes","3KMS4QQVK3YZD4U0HB5APWZP7HEKFZ","ЕК","Chrome","rxBKphFdFrZVCEn6",NA,"false","IteratedNarration_Pilot07",3,1531487651151,2,"IteratedNarration_Pilot07","No","Female",1,85,"english","Linux","A couple from Iowa went out to check on their 50 beehives. When they discouraged a tragic scene. All of the beehives where cut open and the shed was torn apart and there were many things damaged. It caused a huge amount of money in damages. The 12 and 13 year old boys that were accused of doing this were arrested and were being charged with burglary and damage to a agricultural farm. If found guilty they could spend up to 10 years in jail and face fines.","Fri Jul 13 2018 09:05:06 GMT-0400 (Eastern Daylight Time)",1531487106565,"In late December 2017, a couple in Iowa was checking on their 50 beehives when they discovered a tragic incident. The hives had been overturned and hacked apart and the equipment had been thrown out of the shed and smashed. This destruction caused the death of about half a million bees and approximately $60,000 in property damage. Nearly three weeks later, two boys (12 and 13 years old) who are allegedly responsible for the damage were arrested. The charges against them include criminal mischief, offenses to an agricultural animal facility, and burglary. Since they are still minors, they will be charged in juvenile court where they face up to 10 years in prison and fines up to $10,000 if convicted. Police officials explained that the investigation is still in progress, but the evidence so far overwhelmingly speaks for the guilt of the suspects.","bees_jail",9.07643333333333,1,"reproduction"
7,NA,284,35,"Yes","3KMS4QQVK3YZD4U0HB5APWZP7HEKFZ","ЕК","Chrome","ybftrFr2OwzwycF5",NA,"false","IteratedNarration_Pilot07",3,1531487651151,2,"IteratedNarration_Pilot07","No","Female",1,11,"english","Linux","Due to the routine check of an Indonesian vessel police stopped a smuggling ring. The found over 250 exotic birds stuffed into a tube with both ends closed with wire. These birds were meant to be smuggled into the us and be sold as beds. The birds amount to about 250,000. Four men were arrested and if found guilty face up to 5 years in prison and a 8000 fine. However there was an anyonomous tip that led police to these four men. they deny any connection and may not be involved.","Fri Jul 13 2018 09:05:06 GMT-0400 (Eastern Daylight Time)",1531487106565,"Because of a routine check on a cargo vessel, the Indonesian police was able to prevent a smuggling attempt. They found about 150 exotic birds stuffed into plastic drain pipes that were sealed at each end by a wire. The animals were meant to be transported to the US, where they can be sold as pets. Officials assume that the operation was planned and executed by a wildlife trafficking ring. This delivery is worth approximately $250,000. Nearly one week after discovering the illegally captured birds, the police arrested four men who are allegedly responsible for this act. The suspects face up to five years in prison and a fine of up to $8000 if found guilty. However, the case rests on an anonymous tip which provides a very weak case and all four suspects still deny any connection to the smuggling affair. Thus, it is still not clear, whether they were involved, or not.","smuggler_free",9.07643333333333,2,"reproduction"
6,185,94,34,"Yes","3G5W44VEU8Q5R4QVSVBS7HZ18WEKGY","ЕК","Chrome","IPmRaAe9tblpRZ3B","Thanks","false","IteratedNarration_Pilot07",1,1531487594805,2,"IteratedNarration_Pilot07","No","Male",1,52,"English","Windows","In April 2018 there was an arson in Germany. The police put out a reward of 6 thousand dollars for any helpful advice leading tot he arsonist. They found a T Shirt at a crime scene that was black and had a logo on it and linked it to a 37 year old man whom was arrested. They don't know if he's guilty or not yet.","Fri Jul 13 2018 08:10:01 GMT-0500 (Central Daylight Time)",1531487401594,"Since mid-April 2018, a region in Bavaria, Germany, has faced a series of purposefully set fires burning trash cans, a car and even an entire town house. At its peak, eight different fires were started in a single night. Fortunately, nobody was hurt, but the material damages were estimated at around $450,000. The police could not make significant advances in finding the perpetrator, until they publicly offered a reward of $6000 for each helpful tip. A black shirt with a unique design which was found on one of the crime scenes might have given the critical clue. About a week ago, the police arrested a 37 year old suspect on charges of severe arson. If found guilty, he will face up to 10 years in prison. According to recent reports, experts don't believe that the existing evidence unquestionably points to him.","arson_free",3.22018333333333,1,"reproduction"
6,183,94,34,"Yes","3G5W44VEU8Q5R4QVSVBS7HZ18WEKGY","ЕК","Chrome","hLhiheAY6bvk9S8G","Thanks","false","IteratedNarration_Pilot07",1,1531487594805,2,"IteratedNarration_Pilot07","No","Male",2,52,"English","Windows","Four men were arrested because they were suspected of smuggling birds into the United States.","Fri Jul 13 2018 08:10:01 GMT-0500 (Central Daylight Time)",1531487401594,"Indonesian police prevented a bird smuggling attempt. It is likely that the birds would be sold in the US as pets. They arrested four men and had witnesses connecting them to the crime.","smuggler_jail",3.22018333333333,2,"reproduction"
5,NA,360,25,"Yes","3HYA4D452SR4WOQAS5Z6P0DVQHSF28","ЕК","Firefox","ITOAblDU1df9LjI8","Fun HIT!","false","IteratedNarration_Pilot07",2,1531487571767,2,"IteratedNarration_Pilot07","No","Female",1,79,"English","Windows","Due to a routine inspection, Indonesian police intercepted a shipment of $250,000 worth of exotic birds.  There have been arrests made over this, but person who tipped off the police remains anonymous and that creates a bit of a weak case as to whether or not those arrested are truly part of this smuggling operation or not.","Fri Jul 13 2018 09:08:30 GMT-0400 (Eastern Daylight Time)",1531487310203,"Because of a routine check on a cargo vessel, the Indonesian police was able to prevent a smuggling attempt. They found about 150 exotic birds stuffed into plastic drain pipes that were sealed at each end by a wire. The animals were meant to be transported to the US, where they can be sold as pets. Officials assume that the operation was planned and executed by a wildlife trafficking ring. This delivery is worth approximately $250,000. Nearly one week after discovering the illegally captured birds, the police arrested four men who are allegedly responsible for this act. The suspects face up to five years in prison and a fine of up to $8000 if found guilty. However, the case rests on an anonymous tip which provides a very weak case and all four suspects still deny any connection to the smuggling affair. Thus, it is still not clear, whether they were involved, or not.","smuggler_free",4.3594,1,"reproduction"
5,363,360,25,"Yes","3HYA4D452SR4WOQAS5Z6P0DVQHSF28","ЕК","Firefox","dv6hT8bmr3nnaO0I","Fun HIT!","false","IteratedNarration_Pilot07",2,1531487571767,2,"IteratedNarration_Pilot07","No","Female",2,24,"English","Windows","This year a region in Germany has faced several fires.  Police had difficulty finding a culprit, but after a $6000 reward was offered they now have a suspect.","Fri Jul 13 2018 09:08:30 GMT-0400 (Eastern Daylight Time)",1531487310203,"this year a region in germany has faced a bunch of fires,nobody was hurt but it caused a lot of property damage. police had difficulty finding a culprit but after offering a $6000 award have found a suspect.","arson_jail",4.3594,2,"reproduction"
4,NA,277,21,"Yes","3FTOP5WARGWD5G9SW8MDLAC8MQP0JC","ЕК","Chrome","WsOQJZf8pXd09yvc",NA,"false","IteratedNarration_Pilot07",3,1531487559514,1,"IteratedNarration_Pilot07","No","Male",1,17,"English","Windows","In 2018 lots of fires were set in Germany. at the peak of arson, 8 fires were set in one night. A trash can, a car, and an entire town house were burned down. The damage was in excess of $450,000. Police were unable to catch the arsonist until they made a reward of $6,000 available. A black shirt was found with a unique pattern at the scene of the crime. Police arrested a suspect and he is presumed guilty.","Fri Jul 13 2018 09:05:41 GMT-0400 (Eastern Daylight Time)",1531487141582,"Since mid-April 2018, a region in Bavaria, Germany, has faced a series of purposefully set fires burning trash cans, a car and even an entire town house. At its peak, eight different fires were started in a single night. Fortunately, nobody was hurt, but the material damages were estimated at around $450,000. The police could not make significant advances in finding the perpetrator, until they publicly offered a reward of $6000 for each helpful tip. A black shirt with a unique design which was found on one of the crime scenes might have given the critical clue. About a week ago, the police arrested a 37 year old suspect on charges of severe arson. If found guilty, he will face up to 10 years in prison. According to recent reports, experts don't believe that the existing evidence leaves any doubt about his guilt.","arson_jail",6.96553333333333,1,"reproduction"
4,300,277,21,"Yes","3FTOP5WARGWD5G9SW8MDLAC8MQP0JC","ЕК","Chrome","1bOxz26mbq8wCDDK",NA,"false","IteratedNarration_Pilot07",3,1531487559514,1,"IteratedNarration_Pilot07","No","Male",1,76,"English","Windows","In December 2017 a beekeeper couple's hives were destroyed. Over a million bees were killed and over $60,000 in damages were done. The suspects are 2 12 year old boys who face up to 10 years in prison and $10,000 in fines. They are not presumed guilty.","Fri Jul 13 2018 09:05:41 GMT-0400 (Eastern Daylight Time)",1531487141582,"In late December 2017, a couple in Iowa was checking on their 50 beehives when they discovered a tragic incident. The hives had been overturned and hacked apart and the equipment had been thrown out of the shed and smashed. This destruction caused the death of about half a million bees and approximately $60,000 in property damage. Nearly three weeks later, two boys (12 and 13 years old) who are allegedly responsible for the damage were arrested. The charges against them include criminal mischief, offenses to an agricultural animal facility, and burglary. Since they are still minors, they will be charged in juvenile court where they face up to 10 years in prison and fines up to $10,000 if convicted. But police officials explained that the investigation is still in progress, and the evidence so far doesn't allow for rushed conclusions about the guilt of the suspects.","bees_free",6.96553333333333,2,"reproduction"
3,NA,259,28,"Yes","3H8DHMCCWAJ2FKG4Q5AK1WW4V4YKDO","ЕК","Chrome","MFAVpIZCN70RwtFv",NA,"false","IteratedNarration_Pilot07",1,1531487483139,1,"IteratedNarration_Pilot07","No","Male",1,29,"english","Windows","Indonesian police checked a vessel and were able to prevent a smuggling attempt.they found a bunch of birds stuffed in drain pipes and sealed by wire,they were going to be transported to the US to be sold as pets. The delivery was estimated to be worth about a quarter million dollars and a week later four men were arrested although they deny being involved.","Fri Jul 13 2018 09:07:47 GMT-0400 (Eastern Daylight Time)",1531487267754,"Because of a routine check on a cargo vessel, the Indonesian police was able to prevent a smuggling attempt. They found about 150 exotic birds stuffed into plastic drain pipes that were sealed at each end by a wire. The animals were meant to be transported to the US, where they can be sold as pets. Officials assume that the operation was planned and executed by a wildlife trafficking ring. This delivery is worth approximately $250,000. Nearly one week after discovering the illegally captured birds, the police arrested four men who are allegedly responsible for this act. The suspects face up to five years in prison and a fine of up to $8000 if found guilty. However, the case rests on an anonymous tip which provides a very weak case and all four suspects still deny any connection to the smuggling affair. Thus, it is still not clear, whether they were involved, or not.","smuggler_free",3.58975,1,"reproduction"
3,257,259,28,"Yes","3H8DHMCCWAJ2FKG4Q5AK1WW4V4YKDO","ЕК","Chrome","dv6hT8bmr3nnaO0I",NA,"false","IteratedNarration_Pilot07",1,1531487483139,1,"IteratedNarration_Pilot07","No","Male",1,58,"english","Windows","this year a region in germany has faced a bunch of fires,nobody was hurt but it caused a lot of property damage. police had difficulty finding a culprit but after offering a $6000 award have found a suspect.","Fri Jul 13 2018 09:07:47 GMT-0400 (Eastern Daylight Time)",1531487267754,"Since mid-April 2018, a region in Bavaria, Germany, has faced a series of purposefully set fires burning trash cans, a car and even an entire town house. At its peak, eight different fires were started in a single night. Fortunately, nobody was hurt, but the material damages were estimated at around $450,000. The police could not make significant advances in finding the perpetrator, until they publicly offered a reward of $6000 for each helpful tip. A black shirt with a unique design which was found on one of the crime scenes might have given the critical clue. About a week ago, the police arrested a 37 year old suspect on charges of severe arson. If found guilty, he will face up to 10 years in prison. According to recent reports, experts don't believe that the existing evidence leaves any doubt about his guilt.","arson_jail",3.58975,2,"reproduction"
2,NA,269,22,"Yes","3I33IC7ZWGA90X92HPDEBZ24T1FA2Q","ЕК","Chrome","ex426xQvfqfvmruY",NA,"false","IteratedNarration_Pilot07",2,1531487442545,1,"IteratedNarration_Pilot07","No","Female",1,100,"English","Mac","In Iowa, a couple found that their beehives had been destroyed. Later, two young teen boys were arrested for the damage.","Fri Jul 13 2018 09:08:20 GMT-0400 (Eastern Daylight Time)",1531487300549,"In late December 2017, a couple in Iowa was checking on their 50 beehives when they discovered a tragic incident. The hives had been overturned and hacked apart and the equipment had been thrown out of the shed and smashed. This destruction caused the death of about half a million bees and approximately $60,000 in property damage. Nearly three weeks later, two boys (12 and 13 years old) who are allegedly responsible for the damage were arrested. The charges against them include criminal mischief, offenses to an agricultural animal facility, and burglary. Since they are still minors, they will be charged in juvenile court where they face up to 10 years in prison and fines up to $10,000 if convicted. Police officials explained that the investigation is still in progress, but the evidence so far overwhelmingly speaks for the guilt of the suspects.","bees_jail",2.3666,1,"reproduction"
2,93,269,22,"Yes","3I33IC7ZWGA90X92HPDEBZ24T1FA2Q","ЕК","Chrome","hLhiheAY6bvk9S8G",NA,"false","IteratedNarration_Pilot07",2,1531487442545,1,"IteratedNarration_Pilot07","No","Female",1,100,"English","Mac","Indonesian police prevented a bird smuggling attempt. It is likely that the birds would be sold in the US as pets. They arrested four men and had witnesses connecting them to the crime.","Fri Jul 13 2018 09:08:20 GMT-0400 (Eastern Daylight Time)",1531487300549,"Because of a routine check on cargo vessel, the Indonesian police was able to prevent a smuggling attempt. They found about 150 exotic birds stuffed into plastic drain pipes that were sealed at each end by a wire. The animals were meant to be transported to the US, where they can be soled as pets. Officials assume, that the operation was planned and executed by a wildlife trafficking ring. This delivery is worth approximately $250,000. Nearly one week after discovering the illegally captured birds, the police arrested four men who are allegedly responsible for this act. The suspects face up to five years in prison and an up to $8000 fine if found guilty. However, the case rests on several eyewitness reports which provide a very strong case and there have been inconsistencies in the testimonies of the four suspects. Thus, it is very likely, that they were involved.","smuggler_jail",2.3666,2,"reproduction"
1,NA,NA,28,"Yes","31N2WW6R9SYTH6MTW5DB8AINWVSF3J","ЕК","Chrome","jOAXTFasyxioKHOc",NA,"false","IteratedNarration_Pilot07",3,1531487349049,2,"IteratedNarration_Pilot07","No","Male",1,67,"english","Windows","37 year old was caught for damages because of a 6000 dollar reward","Fri Jul 13 2018 08:05:00 GMT-0500 (Central Daylight Time)",1531487100205,"Since mid-April 2018, a region in Bavaria, Germany, has faced a series of purposefully set fires burning trash cans, a car and even an entire town house. At its peak, eight different fires were started in a single night. Fortunately, nobody was hurt, but the material damages were estimated at around $450,000. The police could not make significant advances in finding the perpetrator, until they publicly offered a reward of $6000 for each helpful tip. A black shirt with a unique design which was found on one of the crime scenes might have given the critical clue. About a week ago, the police arrested a 37 year old suspect on charges of severe arson. If found guilty, he will face up to 10 years in prison. According to recent reports, experts don't believe that the existing evidence leaves any doubt about his guilt.","arson_jail",4.1474,1,"reproduction"
1,NA,NA,28,"Yes","31N2WW6R9SYTH6MTW5DB8AINWVSF3J","ЕК","Chrome","wdfPZlwPtBEgVuvG",NA,"false","IteratedNarration_Pilot07",3,1531487349049,2,"IteratedNarration_Pilot07","No","Male",1,63,"english","Windows","\nThey found about 150 exotic birds stuffed into plastic drain pipes","Fri Jul 13 2018 08:05:00 GMT-0500 (Central Daylight Time)",1531487100205,"Because of a routine check on cargo vessel, the Indonesian police was able to prevent a smuggling attempt. They found about 150 exotic birds stuffed into plastic drain pipes that were sealed at each end by a wire. The animals were meant to be transported to the US, where they can be soled as pets. Officials assume, that the operation was planned and executed by a wildlife trafficking ring. This delivery is worth approximately $250,000. Nearly one week after discovering the illegally captured birds, the police arrested four men who are allegedly responsible for this act. The suspects face up to five years in prison and an up to $8000 fine if found guilty. However, the case rests on several eyewitness reports which provide a very strong case and there have been inconsistencies in the testimonies of the four suspects. Thus, it is very likely, that they were involved.","smuggler_jail",4.1474,2,"reproduction"
